[{"title":"log4j2生产环境配置","date":"2019-05-31T11:12:42.000Z","path":"2019/05/31/log4j2生产环境配置/","tags":[]},{"title":"redis与LRU算法","date":"2019-05-20T04:27:50.000Z","path":"2019/05/20/redis与LRU算法/","tags":[{"name":"LRU,redis,缓存,算法，淘汰算法","slug":"LRU-redis-缓存-算法，淘汰算法","permalink":"http://yoursite.com/tags/LRU-redis-缓存-算法，淘汰算法/"}]},{"title":"zuul 怎么工作的？","date":"2019-05-19T15:37:27.000Z","path":"2019/05/19/zuul-怎么工作的？/","tags":[{"name":"springcloud springcloud zuul 微服务","slug":"springcloud-springcloud-zuul-微服务","permalink":"http://yoursite.com/tags/springcloud-springcloud-zuul-微服务/"}]},{"title":"基于“分发层”+“应用层”双层nginx架构提高命中率方案","date":"2019-05-19T12:17:01.000Z","path":"2019/05/19/基于“分发层”+“应用层”双层nginx架构提高命中率方案/","tags":[]},{"title":"高并发场景下缓存+数据库双写不一致问题分析与解决方案","date":"2019-05-19T12:17:01.000Z","path":"2019/05/19/高并发场景下缓存-数据库双写不一致问题分析与解决方案/","tags":[{"name":"mysql redis 高并发 数据库 缓存 流量","slug":"mysql-redis-高并发-数据库-缓存-流量","permalink":"http://yoursite.com/tags/mysql-redis-高并发-数据库-缓存-流量/"}]}]